title,artist
TEXAS HOLD 'EM,Beyoncé
Lose Control,Teddy Swims
Beautiful Things,Benson Boone
TEXAS HOLD 'EM,Beyoncé
dont let me go,mgk
Lovin On Me,Jack Harlow
Flowers,Miley Cyrus
Don't Let the Old Man In,Toby Keith
Selfish,Justin Timberlake
Turn the Lights Back On,Billy Joel
I Remember Everything (feat. Kacey Musgraves),Zach Bryan
Made For Me,Muni Long
Where the Wild Things Are,Luke Combs
Fast Car,Luke Combs
Beautiful Messes,Hillary Scott & The Scott Family
Save Me,Jelly Roll
16 CARRIAGES,Beyoncé
Lil Boo Thang,Paul Russell
Houdini,Dua Lipa
Live Like You Were Dying,Tim McGraw
Need a Favor,Jelly Roll
Fast Car,Tracy Chapman
Save Me (with Lainey Wilson),Jelly Roll
Powerful Women,Pitbull & Dolly Parton
Spin You Around (1/24),Morgan Wallen
Cruel Summer,Taylor Swift
Spicy Margarita,Jason Derulo & Michael Bublé
Training Season,Dua Lipa
Yeah! (feat. Lil Jon & Ludacris),USHER
Good Day,Forrest Frank
Three Little Birds,Bob Marley & The Wailers
White Horse,Chris Stapleton
Wildflowers and Wild Horses (Single Version),Lainey Wilson
Thinkin’ Bout Me,Morgan Wallen
Should've Been a Cowboy,Toby Keith
Pretty Little Poison,Warren Zeiders
Let's Go,Key Glock
Murder On the Dancefloor (Radio Edit),Sophie Ellis-Bextor
Devil You Know,Tyler Braden
The Door,Teddy Swims
TRUCK BED,HARDY
Nothing's Gonna Stop Us Now,Starship
"What Was I Made For? (From The Motion Picture ""Barbie"")",Billie Eilish
Stick Season,Noah Kahan
23,Chayce Beckham
The Sound of Silence (CYRIL Remix),Disturbed
Water,Tyla
Lead Me Home,Jamey Johnson
Dance The Night,Dua Lipa
Tennessee Whiskey,Chris Stapleton
Standing Next to You (Usher Remix),Jung Kook & USHER
Last Night,Morgan Wallen
Until I Found You,Stephen Sanchez
Standing Next to You,Jung Kook
Standing Next to You (USHER Remix),Jung Kook & USHER
Praise Jah In the Moonlight,YG Marley
Hard to Love,Lee Brice
A Country Boy Can Survive,"Hank Williams, Jr."
A Symptom Of Being Human,Shinedown
Anti-Hero,Taylor Swift
Love Story (Taylor’s Version),Taylor Swift
To Be A Man (feat. Darius Rucker),Dax
Life With You,Kelsey Hart
Wondering Why,The Red Clay Strays
Lovin On Me,Jack Harlow
Country's Cool Again,Lainey Wilson
Standing Next to You (Slow Jam Remix),Jung Kook
Bulletproof,Nate Smith
Standing Next to You (Future Funk Remix),Jung Kook
Standing Next to You (Holiday Remix),Jung Kook
Standing Next to You (PBR&B Remix),Jung Kook
Standing Next to You (Latin Trap Remix),Jung Kook
"Courtesy of the Red, White and Blue (The Angry American)",Toby Keith
You Belong With Me (Taylor’s Version),Taylor Swift
redrum,21 Savage
"Praise (feat. Brandon Lake, Chris Brown & Chandler Moore)",Elevation Worship
Strong,Anne Wilson
As Good As I Once Was,Toby Keith
The Painter,Cody Johnson
You Are the Reason,Calum Scott
One Love / People Get Ready,Bob Marley & The Wailers
Dance You Outta My Head,Cat Janice
Standing Next to You (Band Version),Jung Kook
What You Won't Do for Love,Bobby Caldwell
You Need To Calm Down,Taylor Swift
Unstoppable,Sia
Leave a Light On,Papa Roach
Watermelon Moonshine,Lainey Wilson
"We Takin' Over (feat. Akon, T.I., Rick Ross, Fat Joe, Baby & Lil' Wayne)",DJ Khaled
Lover,Taylor Swift
Paint The Town Red,Doja Cat
Wild Ones (Extended Version),Jessie Murph & Jelly Roll
Don't Stop Praying,Matthew West
...Ready For It?,Taylor Swift
CARNIVAL,"¥$, Kanye West & Ty Dolla $ign"
greedy,Tate McRae
In Case You Didn't Know,Brett Young
Is It Over Now? (Taylor's Version) [From The Vault],Taylor Swift
How Do You Like Me Now?!,Toby Keith
Used To Be Young,Miley Cyrus
